subID,intercept_CHOICE,transition_CHOICE,outcome_CHOICE,outcome_transition_CHOICE,intercept_RT,stay_RT,transition_RT,outcome_RT,stay_transition_RT,stay_outcome_RT,outcome_transition_RT,stay_outcome_transition_RT,p_rarewin,p_rareloss,p_commonwin,p_commonloss,transScore,rewScore,ScoreAbs,groupID
2,-0.588669527574259,0.269939432070325,-0.0469243236524474,-0.162951746148991,-1.25185344091492,-0.0401945811168039,-0.0160821545606585,0.019529091386218,-0.0231490929532865,-0.00652972544323933,-0.00509330334676771,0.0263451454304244,0.375,0.477272727272727,0.305263157894737,0.271739130434783,0.135796754732682,-0.068748699812773,0.135796754732682,Other
3,1.39361399805142,-0.296817813185899,1.07119684765581,-1.09699089151711,-0.901214713432396,-0.0263676144261999,-0.0065537439140433,0.0165205943292997,-0.00791358320149311,-0.0135430581941714,-0.0130918109869111,0.00590373233877889,0.75,0.738095238095238,0.978494623655914,0.387096774193548,0.579493087557604,0.603302611367127,0.603302611367127,Mixture
4,-0.139486411270581,0.054160732347467,0.0240270805651104,-0.169408259646868,-1.15365576819794,-0.0132465675832327,-0.00658831695020616,0.0077131467198419,-0.0194859130321403,0.00186794031316202,0.0102986727063027,0.00404168488820606,0.451612903225806,0.547619047619048,0.486486486486487,0.403669724770642,0.178822906109086,-0.013189382677397,0.178822906109086,Other
6,0.394575453921475,0.266836874875328,1.17366237716763,-0.875428594871889,-1.38263161401246,0.00410501999419804,-0.0164721937071596,0.0392506163136988,-0.0142231187216322,-0.00698747171811258,-0.0272206147542441,0.019099488414884,0.735294117647059,0.615384615384615,0.864583333333333,0.0952380952380952,0.649435735832795,0.889254740357682,0.889254740357682,MF
7,0.182196864755991,-0.175910127414914,0.348110659973263,-1.24277782447993,-0.984667609425884,-0.0185613856348167,-0.0232905955188598,0.00699694420266375,-0.0169615384926091,-0.00315361764438002,-0.0143539378247736,0.0388514936063236,0.272727272727273,0.714285714285714,0.869565217391304,0.21978021978022,1.09134343916953,0.208226556052643,1.09134343916953,MB
8,1.25767838224394,-0.559940941236018,0.183271257954235,-2.06617099304753,-0.814145933333968,-0.00350234515738487,-0.0163903870983364,0.0185544613267772,-0.00735489017605856,-0.00148451496787113,-0.00972356210841708,0.024314621034735,0.242424242424242,0.918918918918919,0.978021978021978,0.395833333333333,1.25868332118332,-0.094306031806032,1.25868332118332,MB
9,1.6334216869124,-0.342261017713494,0.828539300070229,-0.724618887051959,-0.774933779996932,0.0150520584673326,-0.00898623612939454,0.0327929583571633,-0.000117316459326638,0.000961754869745978,-0.00527506823228109,0.00746316361708774,0.771428571428571,0.727272727272727,0.980582524271845,0.630952380952381,0.30547429916362,0.393785987475308,0.393785987475308,Mixture
10,0.780207512400977,-0.441898753295413,0.79127694937628,-3.19613618011805,-1.0933351059871,0.000280144031152797,-0.0216727779112504,0.0238965562156966,-0.0156047710000179,0.00376553717792679,-0.00820726609323404,0.0333962781246481,0.138888888888889,0.96969696969697,0.990196078431373,0.0357142857142857,1.78528987352517,0.123673711909006,1.78528987352517,MB
12,1.42311018878682,-0.263109062190798,1.30635692465997,-0.899901442866024,-0.833323603185089,0.0272459338641492,-0.0183806108130243,0.0440408079796118,-0.00150982727144923,0.00793086959079144,-0.00756162486746319,0.0254203566637913,0.815789473684211,0.647058823529412,0.987341772151899,0.380434782608696,0.438176339388404,0.775637639698002,0.775637639698002,Mixture
13,1.01226093512653,-0.0744210096198174,0.624835719869696,-0.671092786812,-0.902259638908977,0.00483671552679738,-0.0153328807991031,0.0238384932638288,-0.00767834441061912,0.000568046375443885,-0.0087908190349596,0.0206614571623021,0.714285714285714,0.736842105263158,0.911111111111111,0.445652173913043,0.488015328175511,0.442902546220624,0.488015328175511,Mixture
14,1.38534845210749,-0.425059544853433,-0.220652121183014,-1.36467423066996,-1.13883598721231,0.00575501026111727,-0.0196031957064163,0.0339730762405625,-0.0143858176755769,0.0057351193166118,-0.00493293204779632,0.028726802983087,0.333333333333333,0.945945945945946,0.927710843373494,0.663461538461538,0.876861917524568,-0.348363307700657,0.876861917524568,MB
15,0.354915978379345,-0.471165358671849,0.167130703318497,-2.64774259863668,-0.932722077068783,0.0100945621262947,-0.0243786844929506,0.0321684998985802,-0.00761471062961096,0.00121961365059352,-0.0198772959062115,0.0381585572366943,0.0645161290322581,0.941176470588235,0.977777777777778,0.11,1.74443811933376,-0.00888256377819951,1.74443811933376,MB
16,1.15908069061906,-0.349160712615906,0.780993537971315,-1.14824489328585,-0.579108017782459,0.0182520906631536,-0.0168575449832927,0.0326265804476579,0.00343744678151499,0.00272475718380605,-0.0107278183782278,0.0243758275475653,0.586206896551724,0.735294117647059,0.9625,0.4,0.711587221095335,0.413412778904665,0.711587221095335,Mixture
17,0.0424053619884366,-0.0874750396086564,0.0860694758640594,-0.00125475666378705,-0.851258389960809,0.00665928153211038,-0.0152977569665723,0.0192975681572339,-0.00818249507551665,0.00386681899624769,-0.00273472345962094,0.0209777310475723,0.470588235294118,0.459459459459459,0.555555555555556,0.524752475247525,0.0196743044733727,0.0419318561426889,0.041931856142689,Other
18,0.87057539764496,-0.492774866928013,0.335607290494901,-1.84927816610807,-0.705026272346578,-0.00417284733857726,-0.0126407997966244,0.0174663922833297,-0.00498653437815726,3.3805454089125e-05,-0.00183590360085673,0.0178842013966894,0.243243243243243,0.864864864864865,0.970588235294118,0.310810810810811,1.28139904610493,0.0381558028616853,1.28139904610493,MB
21,1.34732651989168,0.194510033579953,0.992121389320263,-0.090508309894843,-0.695608115958698,0.0043953683158589,-0.0143008767614607,0.0224611659206676,-0.00257616396802893,0.000306411827140101,-0.00695539952155319,0.0200252489618445,0.962962962962963,0.674418604651163,0.898876404494382,0.516129032258065,0.0942030139245174,0.671291730548118,0.671291730548118,MF
22,1.81345338052123,-0.20845565202522,0.717790345051009,-1.20903407329996,-1.20906322638811,-0.0261219106602507,-0.00699663130421004,0.0190515509326146,-0.0158198626834129,-0.0119731168751206,-0.012142841469121,0.00494777148595448,0.741935483870968,0.888888888888889,0.977777777777778,0.538461538461538,0.58626964433416,0.292362834298318,0.58626964433416,Mixture
23,1.63378933805626,-0.539703622580523,0.183675647362561,-1.70080403198311,-0.809751989712457,-0.00151805856019204,-0.0146028088404556,0.0155648633600211,-0.00937578448535338,0.00409817519330765,0.00239718199964693,0.0212077904666888,0.409090909090909,0.953488372093023,0.978723404255319,0.588235294117647,0.934885573139786,-0.153909352864442,0.934885573139786,MB
25,1.91390850762423,-0.149463040839049,1.34894611849784,-1.19007364654294,-0.898004690148341,0.0073118132379277,-0.0195071892907982,0.0299067593410553,-0.00900495411950855,0.00632504420601819,-0.00310695142359084,0.0298774993212027,0.904761904761905,0.830188679245283,0.989795918367347,0.388235294117647,0.526987398733078,0.676133849766322,0.676133849766322,Mixture
28,1.44200879161653,0.0611068717591747,1.44473480169891,-0.404021611220577,-0.843477146373316,0.0180678294294241,-0.0131792359548857,0.0410880033368958,-0.000941069417429372,0.0022139924717028,-0.00913837218939931,0.0154452689247152,0.948717948717949,0.638888888888889,0.945054945054945,0.377777777777778,0.257448107448107,0.877106227106227,0.877106227106227,MF
29,1.44313933441512,-0.120371251255063,1.30736494587551,-0.00809771859655917,-0.610328688496819,0.00710089010906293,-0.0173103387708534,0.0201695836249166,-0.00170851466788727,0.00257502755383757,-0.00647011548464917,0.026468701799613,0.931034482758621,0.487179487179487,0.946666666666667,0.57,-0.0671883289124668,0.8205216622458,0.8205216622458,MF
30,0.201952812281263,-0.515302720586598,0.558764359408081,-3.51256799492892,-0.630418633108771,0.0035127257581869,-0.0169548895189961,0.0200936300480708,-0.00415194016651448,0.00574461117143724,0.00167584796950381,0.026784936903662,0,0.947368421052632,1,0.0101010101010101,1.93726741095162,0.0425305688463584,1.93726741095162,MB
31,0.40237249404746,-0.228885863520879,-0.0277867949822159,-1.76437846429761,-1.14239416818995,-0.0209194471945941,-0.025381231315842,0.00694379120691945,-0.0229963585986259,5.67925997265024e-05,-0.009990931190723,0.0428932393949156,0.153846153846154,0.895833333333333,0.902439024390244,0.247524752475248,1.39690145140218,-0.087072907572183,1.39690145140218,MB
32,2.50180275968086,-0.662018136274056,0.233266876122897,-2.27369098929985,-0.840191021886973,-0.0138760487042369,-0.0169338262791478,0.0139006915851484,-0.0124675435162558,0.00232308379652898,0.00179750383829817,0.0275072428783579,0.46875,1,1,0.666666666666667,0.864583333333333,-0.197916666666667,0.864583333333333,MB
33,0.930052414475693,0.152218767263824,2.01077252438424,0.0580792883029799,-0.744937539354129,-0.0195405817678125,-0.0140838815636866,0.0101817161157537,-0.00886111276339273,-0.00393422623473601,-0.00441599192667583,0.0222474147220523,0.971428571428571,0.236842105263158,0.945054945054945,0.228260869565217,-0.0177923906756859,1.45138054165514,1.45138054165514,MF
34,0.519156543212172,-0.0374979850503437,0.125907958856122,-0.183531442006063,-1.0172546233109,-0.0788849037453369,-0.0125758315149608,-0.00511727429773234,-0.0191338508273674,-0.029831591126505,-0.0284177925150863,0.0228356526253372,0.606060606060606,0.638888888888889,0.704918032786885,0.568965517241379,0.168780798373789,0.103124232717223,0.168780798373789,Other
35,0.136753801980351,-0.125103409323943,1.13318377292059,-0.0334503200671512,-0.835696654873357,0.0376653109822228,-0.00536893280134708,0.0533225007001525,0.00400588052155611,0.00815306331621512,0.0020491496990273,-0.00213230743545324,0.757575757575758,0.205128205128205,0.80952380952381,0.29,-0.0329237429237429,1.07197136197136,1.07197136197136,MF
36,1.27689573851078,-0.504705522334584,0.460460276246467,-1.95143466463765,-0.911489758042196,0.00521794840723058,-0.0227894044406466,0.0146271987021609,-0.00913754343642019,-0.00305391881810443,-0.0240291495551842,0.0344754791947064,0.321428571428571,0.921052631578947,0.989010989010989,0.361702127659574,1.22693292150179,0.0276848012010387,1.22693292150179,MB
37,-0.322613542311735,-0.0505505393638976,0.137388829345882,-0.0829301438798068,-0.897352392761729,-0.0068391787098376,-0.0128190698320745,0.0293373981556011,-0.00628476695076787,-0.00480629953094733,-0.0115260730959828,0.0170763020916494,0.428571428571429,0.394736842105263,0.460526315789474,0.377551020408163,0.049140708915145,0.116809881847476,0.116809881847476,Other
38,2.34785268411987,-0.0477564076287147,0.940004385245178,-0.0980234318258062,-0.977003192649867,-0.0235919226050149,-0.0112126995022538,0.0137512347156954,-0.0126848523788449,-0.00810024577100994,-0.00893757501709725,0.0150201222030312,0.974358974358974,0.833333333333333,0.963855421686747,0.816091954022989,0.00673782663811751,0.2887891086894,0.288789108689399,Mixture
41,1.19619727753978,-0.379771700461071,0.398859552845284,-2.6567477812783,-0.758980219261392,0.00879110210805166,-0.0238156102668722,0.021265144445742,-0.00809487510158419,0.00796462818628094,-0.00434357655904057,0.0391364426902746,0.181818181818182,1,0.979591836734694,0.174418604651163,1.62335505026535,-0.0130085860982871,1.62335505026535,MB
42,1.06489488353154,0.0486301591185269,0.464284408955335,-0.258403591826801,-0.574582083018862,0.0284679925870231,-0.0169558681219805,0.0379804006927641,0.00488118286929082,0.00661569331681863,-0.00779481047184605,0.0236778924106593,0.806451612903226,0.72972972972973,0.837209302325581,0.584415584415584,0.176071834736501,0.329515601083493,0.329515601083493,Mixture
43,0.42380888252599,0.0937653544891848,0.759375197845622,-0.154860757733155,-0.609347222539879,0.0117801062786901,-0.0137919002972618,0.0200713340081139,-0.0013873455680255,0.00537807723632461,0.00075751915264193,0.0190419093460249,0.8125,0.472222222222222,0.767857142857143,0.355263157894737,0.0723162071846283,0.752871762740184,0.752871762740184,MF
46,1.37648471137168,-0.129832984182972,0.901642868741394,0.0801550336678926,-0.505747249406824,0.0223785436482659,-0.00878850768138303,0.0314015182020763,0.00493506609292937,0.00806476221164846,0.00702567410310694,0.00879875447862757,0.903225806451613,0.571428571428571,0.897435897435897,0.676470588235294,-0.110831925822438,0.552762544223645,0.552762544223645,MF
48,1.50935815934667,0.108039491730884,1.16694982431762,-0.416682398205341,-0.737939782864932,-0.0184137893957336,-0.0167827769634503,0.0136684842535194,-0.00821657377720933,-0.00406768091911458,-0.00810935063888504,0.0276506938259069,0.939393939393939,0.742857142857143,0.930232558139535,0.444444444444444,0.289251317158294,0.682324910231887,0.682324910231887,Mixture
49,0.738851216293058,0.145122466191587,0.145062252904326,-0.927681343282725,-1.01499776193722,0.0014911857177133,-0.0174855395637514,0.0317722612623086,-0.0101224721697549,0.000668888338578856,-0.010094434379786,0.0251592426337975,0.555555555555556,0.88,0.83,0.371794871794872,0.782649572649573,0.133760683760684,0.782649572649573,MB
50,1.04986058927407,0.444706533446666,0.83092204906538,-0.654524005689488,-1.07062685809204,-0.00872206267003404,-0.017283724848052,0.0269953154271076,-0.0134541591206691,-0.00142639710169719,-0.00963580390537815,0.0256158063549766,0.868421052631579,0.848484848484849,0.835164835164835,0.296703296703297,0.518525334314808,0.558397742608269,0.558397742608269,Mixture
51,1.10051712185138,-0.521302756271286,0.311304582054839,-0.952173728781795,-0.766827764148163,0.0222953960187393,-0.0118652849928853,0.0367162632006437,-0.000116761661152738,0.00552905292115773,-0.00262726872859182,0.0129556305233972,0.466666666666667,0.74468085106383,0.948453608247423,0.607594936708861,0.618872855935725,0.0628444871413987,0.618872855935725,Mixture
52,-0.810725971377719,-0.0370014691490018,-0.203547212444086,-0.0222453281852731,-1.12861173856053,-0.00870237690904603,-0.00364631732919065,0.0176596080596825,-0.0155708089615972,0.00136901642568862,0.0104082096419725,-0.00213603778155495,0.242424242424242,0.333333333333333,0.263888888888889,0.357142857142857,-0.00234487734487737,-0.184163059163059,0.184163059163059,Other
53,1.01286757503197,0.345658245794882,1.10816704935828,0.371518342367356,-0.639233641697689,0.0756174979017271,-0.0176049793632751,0.0763244617839332,0.0150404477545187,0.0165299634325125,-0.0109827261586734,0.0195023414214052,0.966666666666667,0.459459459459459,0.802631578947368,0.486238532110092,-0.19081416036993,0.823600254044484,0.823600254044484,MF
54,-0.190041797531818,0.128216086811799,0.791617997934466,-0.0333820430192553,-1.052800100624,-0.0232795066559986,-0.0214080538532343,0.0167077126768464,-0.0161128821602303,-0.00676956504486434,-0.0178435567417693,0.0352602178055826,0.666666666666667,0.3,0.6125,0.233009708737864,0.0128236245954693,0.746156957928803,0.746156957928803,Other
55,-1.05234779288456,0.173091244615135,-0.0655765802389247,0.0303308005714912,-0.711166681141317,-0.0114040139728272,-0.00163177299330395,0.0178772817311328,-0.00415905962146016,-0.0014739810741119,0.0102356519509522,-0.00321170934526862,0.28125,0.317073170731707,0.210526315789474,0.24,0.006349486521181,-0.0652968549422337,0.0652968549422336,Other
57,0.962453192396635,0.0110309477069853,0.778015695764586,0.101704485003,-0.779602245193849,-0.0135715262594402,-0.0111205142542735,0.0232299085336512,-0.00462075544360066,-0.00687684162175743,-0.0100887904172004,0.0150771774097928,0.88,0.533333333333333,0.835616438356164,0.575757575757576,-0.0868078040680781,0.606525529265255,0.606525529265255,MF
58,2.31711845208744,-0.0265134154290955,0.312835472836422,-0.523206781939133,-0.958240186517181,-0.000798516690251219,-0.0106270102999013,0.0280135948421064,-0.00806400409817817,-0.00102286876149556,-0.00468685060864743,0.0117416633721652,0.914285714285714,0.971428571428571,0.944444444444444,0.822916666666667,0.178670634920635,0.0643849206349207,0.178670634920635,Mixture
59,0.202695351677134,-0.265289322447909,0.0919772118100912,-0.904191531725121,-1.05775590465086,0.0194866013379496,-0.0136447941773612,0.0311988612479874,-0.0103903982157545,0.00851478810278326,0.00125844419675311,0.0152248287355364,0.266666666666667,0.675,0.806122448979592,0.370786516853933,0.843669265458993,0.0270025987923259,0.843669265458993,Other
60,-0.201549004676817,0.280443395326769,0.0703283588248369,-0.224597824257078,-0.841289613714929,0.00595466066694061,-0.00347270269131294,0.0183476289609734,-0.00578865212368794,0.00233328812737984,0.00734244802415096,-0.00287497449376898,0.516129032258065,0.605263157894737,0.447368421052632,0.298076923076923,0.238425623612381,0.0601573723390363,0.238425623612381,Other
61,-0.351442350788647,-0.0337032802707508,0.286019484526814,-0.109667470094449,-0.432170694619123,0.0230880814016749,-0.00610179999294221,0.0247848946762827,0.00564552009153131,0.00933772105192891,0.0125806661829457,0.00371333644247557,0.433333333333333,0.333333333333333,0.523809523809524,0.333333333333333,0.0904761904761905,0.290476190476191,0.290476190476191,Other
62,1.53703532640143,0.00153503554077959,2.17685069793251,0.00795763730718868,-0.71117636848671,0.0129219488947521,-0.020584565353228,0.0211677336350887,-0.00579113032280649,0.00839481995175773,-0.00163048852658968,0.0323162846942546,0.962962962962963,0.3,0.988636363636364,0.349397590361446,-0.0237241896880451,1.30220173623788,1.30220173623788,MF
63,0.500194093069979,-0.340913126479745,0.159646470529126,-1.31016987824387,-0.620474783475059,0.00488911204580014,-0.0167396378842607,0.0139045481891064,-0.00395486693978702,0.00392799370032465,-0.00214507124091522,0.0255911308791894,0.241379310344828,0.795454545454545,0.904761904761905,0.347368421052632,1.11146871881899,0.00331824859955532,1.11146871881899,MB
64,0.127338395496222,0.180807126007128,1.01024850801891,-0.286588203776179,-1.3282004642754,-0.0203461513602562,-0.0136639055182893,0.032587345970611,-0.0164387276008271,-0.0116904245084486,-0.0221520395676143,0.0171204836903411,0.75,0.380952380952381,0.771739130434783,0.202247191011236,0.200444320375928,0.938539558471166,0.938539558471166,MF
65,-0.776529827523816,-0.016917819945597,0.110174499647455,-0.227274607434393,-0.985087431594221,-0.047436640726208,-0.00913990278738012,0.00366580625388107,-0.017660346635266,-0.0113263610694251,-0.00227171908734403,0.0140614608879148,0.28125,0.314285714285714,0.392857142857143,0.257731958762887,0.168160898379971,0.102089469808542,0.168160898379971,Other
66,-0.002217206809767,0.184228716926033,0.835065133115843,-0.483080491531843,-0.640022121037908,0.00757702631212245,-0.0127558751730463,0.0214293232746115,-0.00215375808673668,0.00435055043929127,0.00155361193626454,0.0173831625848871,0.625,0.463414634146341,0.724137931034483,0.164948453608247,0.397604111572577,0.720774843279894,0.720774843279894,Other
69,0.38683601228634,0.315684131340735,0.917072716047891,0.249689020742746,-0.773248992674696,0.0217407207185426,-0.0060551586576745,0.0330587220903137,0.00115937205633321,0.00234913032431784,-0.00237531925863161,0.000639503084654526,0.90625,0.439024390243902,0.650602409638554,0.34,-0.156623200117543,0.777828019394652,0.777828019394652,MF
70,-0.796159959617401,-0.493467312010017,0.349752843183434,-0.378661133034582,-0.958312077874303,-0.0139410190514398,-0.00386781990094764,0.036335450246259,-0.00360532936205107,-0.0121177909833035,-0.0135558552174474,-0.000979788648161013,0.147058823529412,0.15,0.626506024096386,0.277777777777778,0.351669422789196,0.34578706984802,0.351669422789196,Other
71,1.03308492917684,-0.489209457169521,0.701818684003534,-2.24591513670198,-0.931029573354824,-0.0192256200183805,-0.0234644966399697,0.00270833838552459,-0.0181552172965346,0.00084704892761501,-0.00601493372186212,0.0401803948832135,0.25,0.906976744186046,0.988235294117647,0.195876288659794,1.4493357496439,0.135382261271807,1.4493357496439,MB
72,0.37979584822581,-0.157602003367414,0.608760614189154,-0.405030985719273,-0.496148420561792,-0.00173948149284969,-0.00815296787044997,0.0111446322963048,-0.000770854568998456,0.00263940618104063,0.00817871515305683,0.01007011186407,0.6,0.5,0.826086956521739,0.386666666666667,0.339420289855072,0.539420289855072,0.539420289855072,Other
73,2.39070801886457,-0.414815912294965,0.655921847294641,-1.16476550976584,-0.685989576116633,0.0336997222959353,-0.0186713190719657,0.0370085932616418,0.000710329567357081,0.0114598044424444,-0.00295990953991278,0.0261720182215623,0.818181818181818,0.926829268292683,0.988235294117647,0.739130434782609,0.357752309445903,0.140457409224174,0.357752309445903,Mixture
74,1.11697167225368,-0.295620867873376,0.0329661569958628,-1.42553713017042,-1.1223336595058,0.0438145747081577,-0.0329823704267885,0.0450209075094909,-0.0098216275303875,0.0134059466381803,-0.021333498902088,0.0507040758466134,0.358974358974359,0.941176470588235,0.941176470588235,0.5,1.02337858220211,-0.141025641025641,1.02337858220211,MB
75,0.607737981691654,-0.137882660906419,0.508693713300841,-0.447241426906274,-0.858698307113288,-0.00763535708887723,-0.010076268783239,0.0152822194421596,-0.0104958334544097,0.0025182652045012,0.00665227071410644,0.0125845778710964,0.625,0.611111111111111,0.831460674157303,0.450549450549451,0.367022334718964,0.394800112496742,0.394800112496742,Other
76,-0.154934550307722,-0.0294250670599902,0.231450015952287,-0.185748387979431,-0.774178745078427,-0.0144966482950482,-0.0193146886186161,0.0100214221134469,-0.0108352851049325,-0.000518468040712468,-0.00570478598927649,0.0322125803053961,0.413793103448276,0.425,0.565217391304348,0.376237623762376,0.200186664093696,0.177772870990248,0.200186664093696,Other
77,0.416671393275778,-0.27034413794463,0.25936923163474,-1.77447651252148,-0.826592243045443,0.009519362713364,-0.01483389397528,0.019282916879053,-0.00599384107913968,0.00153103913163956,-0.00800363258693385,0.0193151758063568,0.230769230769231,0.86046511627907,0.928571428571429,0.197368421052632,1.36089889302864,0.101507122008958,1.36089889302864,MB
78,2.31908052594371,0.0407618699204176,0.912827332114608,-0.369210107231829,-0.724216308452703,0.0169796895471666,-0.0237479882270013,0.0204536598480339,-0.00550446008617175,0.00731270768927251,-0.00903985336301436,0.0376369688021909,0.973684210526316,0.9,0.966666666666667,0.741573033707865,0.151409422432486,0.298777843485117,0.298777843485117,Mixture
80,1.9226900538932,0.486535669342017,2.24311128455372,-1.94627738523116,-1.93513800707182,-0.0527492775794188,-0.0258432167984119,0.0119222853761314,-0.0401424156925922,-0.0197515797328864,-0.0393186865566856,0.0407776317639302,1,0.971428571428571,0.99009900990099,0.0119047619047619,0.9496228194248,1.00676567656766,1.00676567656766,Mixture
81,0.759997700216839,0.0167882329240546,0.674880433142704,-0.136620548677336,-0.978008081590185,0.0071878606790729,-0.0151897406074711,0.0111113197809206,-0.0133625623343718,0.00556938601792802,9.52302827032878e-06,0.0196858639531942,0.793103448275862,0.543478260869565,0.833333333333333,0.482758620689655,0.100949525237381,0.600199900049975,0.600199900049975,MF
82,1.37419408543864,-0.365677433085961,0.787504189397343,-2.36409220547538,-0.842728769241403,-0.0189464019710458,-0.00155032935139837,0.0145418183102562,-0.00772485530285376,-0.00581173469624295,0.00454496010451189,-0.00384166170730429,0.352941176470588,0.945945945945946,0.988505747126437,0.185567010309278,1.39594350629252,0.209933967341801,1.39594350629252,MB
83,0.563138545713592,-0.00395769306101508,0.247249565255501,-0.215595644144163,-0.532869548914875,-0.00920174848623244,-0.00303028319552384,0.0117186253841511,0.000142871028554648,-0.00324360928076198,0.00523293983514636,-0.000110447856176539,0.666666666666667,0.641025641025641,0.716216216216216,0.541176470588235,0.149398719986955,0.200680771269006,0.200680771269007,Other
84,-0.139202139278723,-0.0983798698147279,1.16699882547807,-0.141082269620733,-0.64999214132755,0.0145868033927127,-0.00488269877968662,0.0302534949367096,0.00326807505006379,0.000552034231606651,-0.000801562300069559,6.5576190487783e-06,0.666666666666667,0.177777777777778,0.788732394366197,0.214285714285714,0.085557791191594,1.06333556896937,1.06333556896937,MF
85,0.827853146672072,0.366806563974577,0.542841235102021,0.203843632557876,-0.487377863346144,0.00653454016240958,-0.0105286207656927,0.0286371364988527,0.00343911051195415,0.00344401733020579,0.00326671239558218,0.0143505391600046,0.896551724137931,0.647058823529412,0.675324675324675,0.525773195876289,-0.0999414211601326,0.399044380056906,0.399044380056906,Other
86,1.34853098734375,0.0770060909951584,1.81242754484008,0.36273938831593,-1.08771888198857,-0.0105578183398074,-0.0215628588737595,0.0196147328207293,-0.0171330840420001,0.000879246713335853,-0.00883382419833383,0.0344718069398412,1,0.292682926829268,0.926315789473684,0.455555555555556,-0.236556839252603,1.17807730708886,1.17807730708886,MF
87,2.21048232553522,-0.351547555075579,1.25130426995546,-0.690193241371698,-0.915809190796899,-0.00982243912632849,-0.00982693916363073,0.016574512436678,-0.00962763058049924,-0.00352834646006423,-0.00433478907676968,0.011108685838598,0.882352941176471,0.75,1,0.673267326732673,0.194379732090856,0.459085614443797,0.459085614443797,Mixture
88,-0.372165093188139,-0.254970049506242,0.308873379068265,-0.198804928048179,-0.555194467692174,0.0349691032927749,-0.00656211497526814,0.0313920461311916,0.00390338435531935,0.0144260552200413,0.016090599514914,0.00279990789516329,0.34375,0.25,0.610169491525424,0.366197183098592,0.150222308426832,0.337722308426832,0.337722308426832,Other
89,1.65395045040119,0.14713500299916,1.25910324538569,-0.529220145285665,-0.911954063885936,-0.0038041585317237,-0.0169398248715693,0.0168467009226298,-0.0111861065627537,0.000838492633539296,-0.00605157789487396,0.0250938068328229,0.962962962962963,0.794117647058823,0.957142857142857,0.430555555555556,0.357741985683162,0.695432617491441,0.695432617491441,Mixture
91,0.425015749704788,-0.196146879657533,0.120267077746095,-1.04730876514819,-1.19967523790773,0.00258825012268047,-0.0279902178615217,0.0313619265745702,-0.017990996756101,0.0050335498243996,-0.0141817763353302,0.0454686990985683,0.314285714285714,0.764705882352941,0.825581395348837,0.372340425531915,0.903661137884149,0.00282080174969535,0.903661137884149,MB
92,0.460265306149341,-0.0508173564790359,0.41686360748349,-0.227416863287961,-1.00922092291831,-0.0473098911350768,-0.0243673058394844,0.0102926150199241,-0.0196909467405588,-0.0106696264233946,-0.0176423079007505,0.0448584437203366,0.620689655172414,0.575757575757576,0.73972602739726,0.461538461538462,0.233255486443961,0.323119645273637,0.323119645273637,Other
93,2.25624360175728,-0.0742469106264578,1.16297565574455,-0.217666802495157,-0.833474877268873,0.0137456366581198,-0.00201475288245804,0.0434506995291123,0.00275868075889076,-0.00308012946000828,-0.00562558811642007,-0.00691877064125369,0.96875,0.777777777777778,0.978947368421053,0.739130434782609,0.0488447114162218,0.430789155860666,0.430789155860666,Mixture
94,0.27354020500373,-0.113310510069754,0.385660896906134,-0.266557436980015,-0.745983134962903,0.0426535393521001,-0.0218929542568076,0.0385325226586183,-0.00161053029615418,0.0172006853547474,0.00057098593531946,0.0316539896739453,0.566666666666667,0.5,0.743589743589744,0.442105263157895,0.234817813765182,0.368151147098515,0.368151147098516,Other
95,0.716210675840192,0.0456717585791536,0.728829550718018,0.0392519227544158,-0.704760184798977,0.00905222554001904,-0.0108558089391446,0.0424557494158929,0.00147063628323005,0.00197932545047357,-0.00239995734938902,0.0133951362537241,0.84,0.5,0.777777777777778,0.494949494949495,-0.0571717171717172,0.622828282828283,0.622828282828283,MF
96,1.1117797398826,-0.273501947305685,0.782939852726969,-2.65880562497182,-1.06233553538518,-0.015794713591661,-0.0102967520920121,0.023619295592478,-0.0130112758113467,-0.0041945212042685,-0.00431756715020394,0.0122874299114863,0.27027027027027,0.947368421052632,0.989473684210526,0.0919540229885057,1.57461781200438,0.220421510439659,1.57461781200438,MB
97,-1.79654539786895,0.179848276343366,0.285360997074529,0.320825654825427,-0.53584599720567,0.0266586043632422,-0.00996982801427461,0.0278854077838687,0.00329328879241803,0.0103292834907271,0.00821402489031738,0.010416189469506,0.263157894736842,0.0606060606060606,0.127272727272727,0.115384615384615,-0.19066372224267,0.214439946018893,0.214439946018893,Other
98,0.574552544423586,0.0566254748136092,0.238005638312429,0.269965469073469,-1.5337886075386,-0.0176607130757167,0.0081587010360748,0.0310965633813573,-0.0214584862098492,-0.00304027620263274,0.01620229442638,-0.0272492956792784,0.769230769230769,0.543478260869565,0.622222222222222,0.648936170212766,-0.252466456351748,0.19903856037066,0.252466456351748,Other
99,1.79003316136694,-0.247699080752073,0.894962629433157,-1.61803712037702,-1.00206656118239,0.0213212186367984,-0.00978883907303619,0.0509249656844029,-0.00280803890646715,0.00415956029116533,-0.00405050412530784,0.00770432098952756,0.6875,0.918918918918919,0.990196078431373,0.380952380952381,0.840662616397911,0.377824778560073,0.840662616397911,MB
101,1.05715988941239,-0.203595126175152,0.999471123384663,-0.336265460976575,-0.951869862182812,-0.0202980548911436,-0.0205030248386145,0.0141663220833236,-0.0147591236559442,-0.00322176335411743,-0.0106644632233363,0.0341084139033931,0.8125,0.538461538461538,0.918604651162791,0.489583333333333,0.154982856290996,0.703059779367919,0.703059779367919,MF
109,1.77147224297538,-0.248233457941907,0.62304612664379,-1.34297057826042,-1.12412851481172,0.0163812155669343,-0.024970459719537,0.0282538433180693,-0.0152735472224808,0.00938764433012711,-0.00809488598904989,0.0380685600194281,0.742857142857143,0.9,0.971428571428571,0.52,0.608571428571429,0.294285714285714,0.608571428571429,Mixture
112,1.61941082812998,-1.05204023002488,-0.277938739429179,-1.62846494247866,-0.809917726987674,0.0157656788671054,-0.0129072968538978,0.0369706737191186,-0.00140316762962355,0.00263636312728367,-0.00674914115701031,0.0154334880126905,0.12,0.891304347826087,1,0.840909090909091,0.930395256916996,-0.612213438735178,0.930395256916996,MB
114,0.315478148515764,-0.551882522008675,0.44139609101806,-3.74200170402283,-0.736007996904086,0.00619074556491603,-0.0158329252256752,0.0206038420319509,-0.00483447243038548,0.00285320413555222,-0.0045521645459131,0.0228406281366479,0,0.979166666666667,1,0.0104166666666667,1.96875,0.0104166666666667,1.96875,MB
115,0.341726233179387,-0.0521949648248218,0.401884562802896,-0.951073804119296,-0.811226646254805,0.0110623443479782,-0.0151824550423913,0.0350760802022571,-0.00334923385963217,0.00341417967853482,-0.00553171504362099,0.0208793884680102,0.44,0.717948717948718,0.816091954022989,0.265060240963855,0.828980431007851,0.273082995110415,0.828980431007851,Other
116,0.403901469240971,0.208552755958251,0.636387862427309,0.313368112551253,-2.07840358376144,-0.0291193679123099,-0.0269127301925081,-0.000806709801647387,-0.0509478538047241,0.00342410382602649,-0.0058236496529806,0.0410218665280941,0.833333333333333,0.405405405405405,0.628571428571429,0.47,-0.269356499356499,0.586499356499357,0.586499356499357,Other
117,2.07890972635146,0.0262279865719781,1.32497830853379,0.0920510155467398,-0.839124538530892,0.0307610831307307,-0.0131217481352348,0.0456892494098184,0.000802062094728728,0.00627429662115764,-0.00680181330337098,0.013985062756063,1,0.684210526315789,0.941176470588235,0.705882352941177,-0.0804953560371517,0.551083591331269,0.551083591331269,Mixture
118,1.43638884199395,-0.100250306596494,0.816597117755502,-0.463930909238607,-0.84691676939443,-0.00798280515196001,-0.0153285253752809,0.0282300367812425,-0.00653767520125473,-0.00305939840292522,-0.0099996367577019,0.0229221523045019,0.85,0.75,0.941860465116279,0.567164179104478,0.274696286011802,0.474696286011802,0.474696286011801,Mixture
119,1.86251734699514,-0.309538007930396,1.15908455739719,-1.80660275203222,-0.980201307716229,-0.0202078817337883,-0.0219429728880557,0.00672147990341079,-0.0185719142034468,0.000695129997050812,-0.00454528943606117,0.0371076994636982,0.72,0.91304347826087,1,0.324675324675325,0.868368153585545,0.482281197063806,0.868368153585545,MB
120,0.512707100106169,0.309412008267183,1.20780012271535,0.0424324040977776,-0.79829913588434,0.0154808500008287,-0.0117884825660571,0.0324784368125893,-0.00260232093000112,0.00464811431026037,-0.00131833122013334,0.0134561934548372,0.885714285714286,0.394736842105263,0.780487804878049,0.272727272727273,0.0167830885417536,0.998737975759799,0.998737975759799,MF
122,1.15985146526698,-0.273417442559705,0.577520314325251,-2.29970688034149,-0.579283668451818,-0.00498741689288476,-0.00545585558219991,0.0191601378840926,1.57086051596166e-06,-0.00143455584137453,0.00395636549056094,0.00432014375207235,0.310344827586207,0.947368421052632,0.988095238095238,0.180851063829787,1.44426776773188,0.170220580799026,1.44426776773188,MB
123,-0.676463286407512,-0.0114974517665242,0.417270119175059,-0.0844416134651305,-0.803981704181385,0.0254199327959415,-0.00764614096965674,0.0346337054512105,-0.00124201077861162,0.00821039212638353,0.00565382250808779,0.00401916589742458,0.4,0.205882352941176,0.458823529411765,0.237113402061856,0.0275924802910855,0.415827774408733,0.415827774408733,Other
125,-1.4853456814221,-0.0664290760342239,-0.102276038538697,-0.32146879462605,-0.766682578606821,-0.0028475212230381,-0.00905867848529588,0.010182510756164,-0.00834466008822242,0.00334984053481908,0.00778057106264727,0.0102470680148119,0.09375,0.205128205128205,0.240506329113924,0.160377358490566,0.191507175751563,-0.0312492345048471,0.191507175751563,Other
126,1.04627938150355,0.279110679304958,2.35849889422555,-0.269944865733833,-0.829155410018204,0.0168364702688351,-0.00725791556141271,0.0342801444715802,-0.000926787259768571,0.00177318612863826,-0.00290542080041043,0.00349336115016946,1,0.292682926829268,0.967741935483871,0.123595505617978,0.136829356695162,1.55146350303663,1.55146350303663,MF
127,1.2782895159746,-0.392640314163422,1.20580351526986,-0.126296995849316,-1.06661751983844,-0.00807212943494933,-0.0131843121784995,0.0188875606939702,-0.0146154959895649,3.71695152199692e-05,-0.00247789458000444,0.0171759858947234,0.852941176470588,0.4,0.967741935483871,0.590909090909091,-0.0761083318958081,0.829774021045368,0.829774021045368,MF
128,1.44579268983235,-0.558059050080971,0.410186916228319,-2.16402758815372,-1.28793411605834,0.00123631275629698,-0.0120940548265837,0.0366610621086257,-0.0135758512164311,-0.00357976803983588,-0.0139909644175006,0.0119482815578662,0.25,0.934782608695652,1,0.375,1.30978260869565,-0.0597826086956523,1.30978260869565,MB
129,0.359836854730201,0.0877377261506637,0.868421622865202,-0.309681877859982,-0.938280186814392,0.0153732144160469,-0.00999852881300824,0.0325005646187306,-0.00573980690322934,0.0043980421296403,-0.000529991793615156,0.00884803156517377,0.75,0.477272727272727,0.823529411764706,0.285714285714286,0.265087853323147,0.810542398777693,0.810542398777693,MF
130,-0.313917439537422,0.0839583704868417,-0.0544142633249758,-0.0297242067659949,-0.749300254350409,0.00379570037586664,-0.00724781634528551,0.0342972134365061,-0.00107447122416814,0.000829157301549615,0.00147772705631724,0.00621066155801862,0.421052631578947,0.5,0.382022471910112,0.41,0.050969840331165,-0.10692489651094,0.10692489651094,Other
131,0.961331376452955,0.174185492882744,0.387181222195013,-0.195311304015007,-0.882761615600769,-0.0219638979486367,-0.00538038395953642,0.0256912076389757,-0.0059950873346474,-0.0106050048080224,-0.00806023770070263,0.00380094334695367,0.815789473684211,0.75,0.78494623655914,0.542553191489362,0.176603571385568,0.308182518753989,0.308182518753989,Other
134,0.532466101886192,-0.0378190188378506,0.228214138628246,0.11011464783351,-0.840804790982565,0.0280014184652495,-0.00914333757216408,0.0433209547814855,0.000306699523697289,0.00655858463373401,-0.000694493078155212,0.0064176273170168,0.675675675675676,0.545454545454545,0.666666666666667,0.626262626262626,-0.0898170898170899,0.170625170625171,0.170625170625171,Other
136,1.8498426367007,-0.0892623051242343,1.46854731593541,-0.59829672476096,-0.96937897158294,-0.00581345574536713,-0.0123248257334424,0.0147414422977597,-0.0105918062176708,-0.00427950415582156,-0.0105355120138036,0.0148196977158622,0.942857142857143,0.702702702702703,0.989247311827957,0.478260869565217,0.270832002108299,0.75114088241718,0.75114088241718,Mixture
138,0.328757332035611,0.280921656788157,3.22001702447736,-0.271594664362971,-0.661580284397724,0.0272574480061395,-0.0178925694110689,0.0399690734739716,0.00300735867053122,0.00580235881538819,-0.0103274495765097,0.0251117649530389,1,0.0227272727272727,0.989010989010989,0.0112359550561798,0.000502306682082003,1.95504776122754,1.95504776122754,MF
140,1.9856808660205,0.0686986689846703,1.8655190242191,0.162811455243788,-1.03350318830322,-0.00508750883507753,-0.0226348239310582,0.0123417015344828,-0.0153740916321646,-0.00106157317738908,-0.0158821203324071,0.0353751464179981,1,0.473684210526316,0.979381443298969,0.569620253164557,-0.116554599339272,0.936076979608096,0.936076979608096,MF
141,-0.953375187345062,0.105237088042464,-0.152414581418023,0.101136711243416,-1.41071964112561,0.039514122388251,-0.0239142688138062,0.0382054244925236,-0.0170492026778309,0.0118945913820494,-0.0139489062562404,0.0306559815262084,0.275862068965517,0.285714285714286,0.202898550724638,0.306306306306306,-0.0935555388329001,-0.113259972330437,0.113259972330437,Other
142,1.16943882241272,-0.141171027137263,1.48999810028781,-0.341874153800487,-1.16845189577158,-0.0408222765294518,-0.0161450184050854,0.00197004896782278,-0.0219655576707929,-0.0122476113950141,-0.0154683263989389,0.0254166598642883,0.9,0.435897435897436,0.955056179775281,0.373737373737374,0.117216241935343,1.04542137014047,1.04542137014047,MF
143,2.633442147154,-0.090932557370854,1.74462318455374,-0.786050868231985,-0.925222086044752,0.000930669805999346,-0.0116931077495276,0.0289605902361067,-0.00709937658356522,-0.000534543057889046,-0.00549678232273089,0.0139326739344287,0.964285714285714,0.833333333333333,1,0.556818181818182,0.312229437229437,0.574134199134199,0.574134199134199,Mixture
145,2.20100473999247,0.180610598607145,1.09556651482892,-0.182872203437081,-0.866706345499259,0.0193642509149022,-0.0123312363826973,0.0364565979659142,-0.0033900633782498,0.00575216310431154,-0.001865086138672,0.0137335930022992,1,0.846153846153846,0.946236559139785,0.69047619047619,0.101914214817441,0.409606522509748,0.409606522509748,Mixture
146,1.44578457212135,0.0840410182264256,1.68004013065211,-0.196287471565364,-0.750340228015706,-0.0306224997086939,-0.00693797687179071,0.00590344159976096,-0.00898638527457448,-0.00839378779865816,-0.00052198916157564,0.00889327306325036,0.96875,0.457142857142857,0.966292134831461,0.373737373737374,0.0809476182369441,1.10416190395123,1.10416190395123,MF
148,1.92667983378447,0.13624703017433,2.12672807797719,-0.59735652935011,-0.900512701070858,0.0110621582781464,-0.0128861256727379,0.0377960108073067,-0.0031690894841844,-0.000474660550656237,-0.0112198379895601,0.0151023363627383,1,0.617647058823529,1,0.272727272727273,0.344919786096257,1.1096256684492,1.1096256684492,MF
149,1.49963607663201,-0.134280823819879,1.06595674373267,-0.078276880027236,-1.13543338850237,0.0048119498758312,-0.00968121450717705,0.0381982406797719,-0.00963326343024749,-0.000608636787322458,-0.00640427024772431,0.00811452228283782,0.923076923076923,0.590909090909091,0.929411764705882,0.633663366336634,-0.0364194337985835,0.627916230537081,0.627916230537081,MF
152,1.5736896161759,-0.0731578391652085,0.913497051318386,-0.668690618501618,-1.04009995103782,-0.00691742100200152,-0.0216876225711413,0.0172519386781643,-0.0147077211467434,-0.00149531673886042,-0.015010869570888,0.0339018793559092,0.857142857142857,0.777777777777778,0.934782608695652,0.516483516483517,0.338934012847056,0.497664171577215,0.497664171577215,Mixture
158,0.711672438834097,-0.421332822642659,0.956231379698378,-2.52463101530623,-0.995068126732961,-0.0521028329740672,-0.016542424455471,-0.00730935941069321,-0.0226088368516268,-0.00955540656016423,-0.00452480798995995,0.0294936019143112,0.178571428571429,0.848484848484849,1,0.0689655172413793,1.60094790267204,0.261121062845201,1.60094790267204,MB
159,0.447124860235334,-0.094745460839803,0.633550141090968,-0.167748837252508,-0.904298874353378,-0.00777649578850803,-0.0142480172060309,0.0275988788737408,-0.00731221970006639,-0.00444830947410578,-0.0119437050605489,0.0200461192401188,0.678571428571429,0.441860465116279,0.768292682926829,0.442307692307692,0.0892740271639875,0.562695954074287,0.562695954074287,Other
161,0.161165974319859,-0.168423679178247,0.69180175165059,-0.188191627693299,-1.95876818375784,-0.00989445478063646,-0.0339962050095619,0.045474486619183,-0.0332812016881096,-0.00617216476296886,-0.0411446389734761,0.0531314737849645,0.6,0.351351351351351,0.767123287671233,0.369565217391304,0.14890942163128,0.646206718928577,0.646206718928577,Other
163,1.52058932939079,-0.792565000275231,0.267010516667445,-2.00249716976627,-0.948610312643224,0.00992937222777779,-0.0196524181984886,0.0278246432157269,-0.00904691930845871,0.00360602097869577,-0.0100176813763801,0.0287902698280475,0.222222222222222,0.883720930232558,1,0.524752475247525,1.13674623276281,-0.186251183257861,1.13674623276281,MB
164,-0.658842809881594,-0.0591905715297247,0.353421076487448,-0.149725245377071,-0.842735238686088,0.0093173904546184,-0.0198320929280526,0.0136192800478138,-0.0105688937207152,0.00735521587587093,-0.00178685572009949,0.0300010220514446,0.363636363636364,0.272727272727273,0.480519480519481,0.242718446601942,0.146891943008448,0.32871012482663,0.32871012482663,Other
166,0.834966593384467,-0.347070432849169,0.423304072690904,-0.585481304157207,-0.676053797228313,-0.0274829489569607,-0.0035816937891367,0.0232638043417684,-0.00145347487862911,-0.0120738510654979,-0.00549074060964615,0.0022817701307152,0.551724137931034,0.641025641025641,0.884210526315789,0.549450549450549,0.424061479959847,0.245458473770633,0.424061479959847,Other
167,0.931540622887267,-0.38008363956835,0.451846942036909,-1.82080062268524,-0.747475038608789,-0.0027162405470816,-0.0165617828261372,0.0164215067778462,-0.00513766533633846,-0.00345616406407117,-0.0137868538365268,0.0245616987314542,0.296296296296296,0.877551020408163,0.976744186046512,0.275862068965517,1.28213684119286,0.119627392969127,1.28213684119286,MB
168,-0.0462582313006791,0.15620360459946,0.636081261587457,-0.502069316607394,-0.9869807162634,0.0209181917207358,-0.0174483206889936,0.0353320632355529,-0.00626901209684502,0.00374777917223629,-0.0125984868321376,0.0224914642900549,0.571428571428571,0.48780487804878,0.711111111111111,0.197674418604651,0.429812999126669,0.597060385886251,0.597060385886251,Other
169,0.458750908870886,0.47767348329525,0.195737158265106,-0.427792818818424,-0.954608346444347,0.0452992412421881,-0.0158254804693405,0.0538457028709296,0.00083073684131477,0.00855267590129214,-0.0124282838218591,0.0167516075418954,0.7,0.837209302325581,0.611764705882353,0.333333333333333,0.415640674874601,0.141222070223438,0.415640674874601,Other
171,-0.106952811992322,0.0574494247137324,-0.0858165762351666,-0.245225766012903,-0.970496171501911,-0.0658372307806893,-0.00431453257287884,0.004811032608057,-0.0148035811278034,-0.0239335374017347,-0.0136626911776294,0.00568780845646604,0.363636363636364,0.604651162790698,0.492307692307692,0.412844036697248,0.320478454764779,-0.161551143543889,0.320478454764779,Other
172,0.471158740991366,-0.180521653546594,2.16475123711471,-0.328838570044359,-0.554452648257033,0.0135316737009169,-0.0145064542098577,0.0195510521288884,0.00039694970240012,0.00470221917078398,-0.00184974852619627,0.0204152493454824,0.878048780487805,0.0857142857142857,0.977777777777778,0.146067415730337,0.0393758672739215,1.62404485682096,1.62404485682096,MF
173,1.03965309588078,0.235423371134341,0.0670395626894198,-1.00746405769555,-0.542830665927983,0.0135772119850733,-0.00663352167735028,0.0316752244279681,0.00360223329813745,0.00579485619713733,0.00861933555958059,0.00541063889791166,0.642857142857143,0.974358974358974,0.828282828282828,0.417721518987342,0.742063140797318,0.0790594777936549,0.742063140797318,MB
174,1.06805879980609,0.00412222542044585,1.13530803753043,-0.00184202470733308,-0.689085306024615,0.0066707458477107,-0.0196916369403149,0.0275812664613695,-0.00423348286854415,0.00604838608350361,-0.00249411167833347,0.0316906154733371,0.90625,0.459459459459459,0.897959183673469,0.4875,-0.0363313568670711,0.85724972421401,0.85724972421401,MF
176,1.48530250882525,0.330305524524,1.11681351785854,-0.622011925390871,-0.854985065534231,0.00968490927052039,-0.00992668143993483,0.0374928325275814,-0.00184680883648505,-0.000593100899441946,-0.00742258235968553,0.00969396434750098,0.939393939393939,0.846153846153846,0.923809523809524,0.333333333333333,0.497236097236097,0.683716283716284,0.683716283716284,Mixture
177,0.613289955440214,-0.67934824921444,0.298432107682373,-2.19495790296319,-0.889633514586974,-0.000609610011027383,-0.0170398235448538,0.0218073311367445,-0.00960725161473858,0.00196335234597277,-0.00533968145206098,0.0252956980919323,0.0666666666666667,0.853658536585366,0.989583333333333,0.233333333333333,1.5432418699187,-0.030741869918699,1.5432418699187,MB
179,-0.203697707704139,-0.0804587602292414,0.431530077682351,0.157353044585648,-0.82840425846042,-0.0249824498678463,-0.0148124333553096,0.0144580440691696,-0.00972870773148417,-0.00796175274106459,-0.0111914517120704,0.0236056528686858,0.566666666666667,0.263157894736842,0.539473684210526,0.40952380952381,-0.173558897243108,0.433458646616541,0.433458646616541,Other
180,1.21075999675299,-0.500920180229387,0.387870539580154,-1.20376270976079,-0.667577032642268,0.0322569647658743,-0.0139762654068993,0.0373017277498913,0.00234699088589449,0.00978473956637152,-0.000481197573565065,0.0168621394409446,0.434782608695652,0.787234042553192,0.971830985915493,0.54,0.784282419773032,0.0793795520579537,0.784282419773032,MB
181,0.758888552392913,-0.400808046144121,0.741947284916822,-3.62346478908592,-1.00063316916311,-0.0260294256578998,-0.011680107823127,0.00932081754763307,-0.0159148422974445,-0.00486151808131574,-0.00200336153276515,0.0165731032403912,0.0714285714285714,1,1,0.0103092783505155,1.91826215022091,0.061119293078056,1.91826215022091,MB
182,-0.881238685513527,0.173353304810832,-0.101609254318099,-0.00513653496363209,-1.0108945108413,0.00227091846564182,-0.00902289103520444,0.0264918282067131,-0.00904950362291113,-0.000418583145052054,-0.00337900366525,0.00763188279755407,0.307692307692308,0.348837209302326,0.230769230769231,0.281818181818182,-0.00990404943893314,-0.0921938526589688,0.0921938526589689,Other
183,1.66778215090472,-0.275872161497733,0.808073652984793,-1.01004950250035,-0.677149688974053,0.0358156975325397,-0.0168023365748674,0.0391162963023558,0.0023879189760366,0.0105077249959161,-0.0037656116349563,0.0220377624153248,0.76,0.84,0.977777777777778,0.545454545454545,0.512323232323232,0.352323232323232,0.512323232323232,Mixture
184,-0.187763115160534,-0.150506762552985,0.663931986285321,-0.871768110295007,-0.357245523814966,-0.0258248308333309,-0.011993816778886,0.00480219124895676,0.00195639863716816,-0.0112566358752454,-0.0117990254354744,0.0204411571889151,0.351351351351351,0.46875,0.816091954022989,0.161616161616162,0.771874441055475,0.537077143758178,0.771874441055475,Other
185,1.83653164262514,-0.13511588986994,1.79343357052638,0.0351802209569573,-0.57012350764517,0.0209408539622282,-0.00940546640540481,0.0336868466336572,0.00506922691944257,0.00383866636035548,-0.00168855851290333,0.00922912490998716,0.972222222222222,0.432432432432432,0.987012987012987,0.564356435643564,-0.117133238420367,0.962446341159212,0.962446341159212,MF
186,1.35525601999813,0.037783343558934,0.640210033025659,-0.8899240883929,-1.02376154132443,0.0206495189567207,-0.0152214048113425,0.0370740002844152,-0.00742517710923394,0.00580572490984544,-0.00623098001580699,0.0182325366329183,0.782608695652174,0.869565217391304,0.923913043478261,0.4375,0.573369565217391,0.399456521739131,0.573369565217391,Mixture
188,1.57755571623593,-0.127021237232954,2.06846119670048,-0.478318429517535,-0.837603306450221,0.042438639208967,-0.0123731601472542,0.0538714212218384,0.00177328590177961,0.0133920180047164,0.00269487480108565,0.0119758576636286,0.96,0.416666666666667,1,0.301204819277108,0.155461847389558,1.24212851405622,1.24212851405622,MF
189,-0.107707803464536,0.0203604586556121,-0.231357979157018,-0.0171055916378104,-1.33077220174266,-0.0641940811502617,0.0121810322081822,0.0138438196679066,-0.0172719787987249,-0.0290575053603454,-0.00868749622315561,-0.0307411840197266,0.40625,0.526315789473684,0.402985074626866,0.533333333333333,-0.0102824692327835,-0.250414048180152,0.250414048180152,Other
190,0.933220370905087,-0.180172340848534,0.578811614980359,-0.418843257973622,-0.871356998872419,0.00076886602970543,-0.0190858367314834,0.0174315818135963,-0.0094813539400787,0.000761998643773643,-0.0103684085311031,0.0288874216232765,0.684210526315789,0.641025641025641,0.876288659793814,0.530120481927711,0.302983292575955,0.389353063156252,0.389353063156252,Mixture
191,3.20074000025928,-0.148022058505225,1.04199977425365,-0.397470956766817,-0.969518310407928,0.00532104342174427,-0.011238771091377,0.0312387163900897,-0.00750051584314114,0.000986398621321439,-0.00422860701435986,0.0122813710569206,1,0.928571428571429,0.9875,0.89,0.0260714285714286,0.168928571428572,0.168928571428571,Mixture
192,2.04247396882414,0.0625266980114707,2.38233346910649,-1.45978424949088,-0.841742718275657,0.0165774960589436,-0.0168206511813061,0.0325605773453079,-0.00482175599633299,0.00608663250949337,-0.00460128933654433,0.0233046851958724,1,0.783783783783784,1,0.106666666666667,0.677117117117117,1.10954954954955,1.10954954954955,MF
195,1.94451940397938,0.000155648274417775,0.737340197647997,-0.243141965392599,-0.74610234061196,-0.0150628259092723,-0.0103669288736158,0.0205904512712994,-0.00390028783398073,-0.00816000553748612,-0.0109340855892202,0.0137319116661661,0.9375,0.828571428571429,0.916666666666667,0.74,0.0677380952380953,0.285595238095238,0.285595238095238,Mixture
196,1.79660909921814,0.0716034158997098,0.709512820079489,-0.134138482433897,-0.700023005287453,0.00736414010517916,-0.0171766682018298,0.0247066888012556,-0.00465245887930947,0.00644937920170422,0.000684744464391352,0.0263763122434791,0.961538461538462,0.818181818181818,0.918367346938776,0.714285714285714,0.0607249892964179,0.347438276009705,0.347438276009705,Mixture
197,0.766865399374598,-0.281545737405807,0.216912651790154,-1.71806675290092,-0.941663743246505,-0.00887918529683248,-0.027088381958521,0.01163342482589,-0.0157761683630491,0.00176931722129252,-0.0129241505629601,0.0460925881290584,0.260869565217391,0.906976744186046,0.956521739130435,0.292682926829268,1.30994599126982,0.0177316333325115,1.30994599126982,MB
198,1.00592539498391,-0.373202868463347,0.448791061835156,-1.33286558265594,-0.950061480742065,-0.00376631456264879,-0.0145128636353773,0.0222891867488043,-0.0103322522951245,-0.00031048045447165,-0.00600039062930765,0.0199952519060849,0.441176470588235,0.780487804878049,0.96551724137931,0.408602150537634,0.89622642513149,0.217603756551862,0.89622642513149,MB
202,1.08042486299188,0.186966104343847,0.438906601238562,-0.351972987713303,-0.988534775318262,-0.0152468798291504,-0.019940177287332,0.0177451531357131,-0.0134278227797468,-0.00457815566808772,-0.0152365328936318,0.0317486214322987,0.837837837837838,0.833333333333333,0.819148936170213,0.513157894736842,0.301486536928866,0.310495545937875,0.310495545937875,Mixture
203,-0.655920218257856,0.0480614443920132,0.745119762689504,-0.0900333039703549,-0.874682407037393,-0.00466835489923566,-0.0186341507344507,0.00737012997085849,-0.0148346406745766,0.00695622277667951,0.00492120622018121,0.0295186025777744,0.517241379310345,0.195121951219512,0.520547945205479,0.163461538461538,0.0349669786531083,0.679205834834774,0.679205834834774,Other
204,1.33867747532735,-0.496691959237443,0.332912681802293,-1.59387573121795,-0.959901507980474,-0.019036202231776,-0.00709160745944215,0.0155842792885027,-0.0116049033050408,-0.0051664534976701,-0.000699579410976438,0.00662860698229645,0.393939393939394,0.875,0.989010989010989,0.494505494505495,0.975566100566101,0.0134448884448886,0.975566100566101,MB
205,1.03865347908496,-0.59806205910763,-0.0110357473058325,-1.29297619634083,-0.776876243508528,0.0203153774410132,-0.0161453011181087,0.0352180174345828,-0.000538094410795826,0.00272328582022588,-0.0119077451666844,0.0212927057413384,0.227272727272727,0.795454545454545,0.955056179775281,0.608695652173913,0.914542345783186,-0.22182129058045,0.914542345783186,MB
206,0.839199379993513,-0.171015491729018,1.17014826038536,-1.55734900130807,-0.869985172716095,0.0199808772538623,-0.0229898691856526,0.0398199806971287,-0.0051353004443049,0.00754775251597095,-0.0101364529335382,0.0354601766620977,0.551724137931034,0.73469387755102,0.988636363636364,0.142857142857143,1.02874896039921,0.662809481159235,1.02874896039921,MB
207,0.080243681209436,-0.883712896794395,0.258049786402779,-0.621851270810585,-0.900652448206558,-0.00760678874640087,-0.0196398449200673,0.0176698661835779,-0.0112855779623124,-0.000709493730336526,-0.0102655607615191,0.0310518046645525,0.166666666666667,0.318181818181818,0.873417721518987,0.548076923076923,0.476855949957216,0.173825646926913,0.476855949957216,Other
209,3.2958638645737,-0.0595272936485076,1.52337762250426,-1.35829735949892,-0.787419823183993,0.00918965133571005,-0.00887993871882616,0.0316780903509006,-0.0019763936983491,0.00152694034774907,-0.00146356649028821,0.00825382224470024,1,1,0.990384615384615,0.611764705882353,0.378619909502262,0.378619909502262,0.378619909502262,Mixture
210,0.996110370882209,0.069714092916301,1.10702365848876,-1.48742531510987,-1.07065021168116,-0.0155497143824733,-0.018513644360284,0.0153821867338617,-0.0159443897871854,-0.00406065843032394,-0.0129127577827677,0.0283367780566892,0.689655172413793,0.829268292682927,0.956521739130435,0.147727272727273,0.948407586672296,0.669181346134028,0.948407586672296,MB
212,1.28090583807156,-0.119984455933484,0.971918579090239,-0.181214392642167,-0.941191559735655,0.00485208973842949,-0.0106450274958125,0.0208091952020483,-0.00938259691103923,0.00284747279007532,0.000600444198097114,0.0112161617329368,0.891891891891892,0.605263157894737,0.919540229885057,0.568421052631579,0.0644904432563235,0.637747911250634,0.637747911250634,MF
213,1.3744209051365,-0.11491226817246,0.497647686511903,-0.350200926415384,-0.856811304108089,0.00198737586543659,0.000800745771416528,0.0224570109414794,-0.00375405317190651,-0.00212487751031335,0.00477721572642,-0.0114244056631449,0.8125,0.75609756097561,0.9,0.659090909090909,0.184506651884701,0.297311529933481,0.297311529933481,Mixture
214,0.551075381741269,0.151508133249182,3.14075694673676,0.0995744366635671,-0.953850891379313,0.00910158244697659,-0.00980793180045612,0.0307223185301656,-0.00714825833900897,0.00321173955564681,9.46997252691496e-05,0.00919529060047518,1,0,0.975609756097561,0.0515463917525773,-0.0759366356550164,1.92406336434498,1.92406336434498,MF
215,-0.478904850826657,0.0954120158190395,0.514562054753958,-0.292939541646494,-0.962467335226195,-0.0318654499533204,0.00117196454643274,0.0193976874077449,-0.00852546829994121,-0.0142492232322103,-0.00405949926029915,-0.00905196230834691,0.448275862068966,0.358974358974359,0.518518518518518,0.19,0.239217015423912,0.417820021613125,0.417820021613125,Other
216,1.40446294769602,-0.0507465689924531,0.968172857519436,-1.82779233321473,-1.00718930998633,-0.0149337363501469,-0.0146388075506596,0.0147739791176637,-0.01497585068671,-0.00103396366280967,-0.00272345894682299,0.0213776002943847,0.6,0.954545454545455,0.979166666666667,0.204545454545455,1.12916666666667,0.420075757575757,1.12916666666667,MB
217,1.31791798515097,-0.0815936516231011,0.530406829458973,-0.848816050522682,-0.511766626996538,0.00437803710311052,-0.0124452995112513,0.0169446594684842,0.000995336463391021,0.00113306777043232,-0.00232243848886329,0.0174943162065626,0.695652173913043,0.875,0.933333333333333,0.521739130434783,0.590942028985507,0.232246376811594,0.590942028985507,Mixture
218,0.838579567429026,-0.107017935762644,0.315858388066908,-0.186085786282374,-1.0217752500738,-0.011272440964264,-0.0148766480364074,0.0171660476326708,-0.0142746435896449,-0.000962227613325516,-0.00458818266647506,0.021217816483408,0.695652173913043,0.686274509803922,0.790123456790123,0.617647058823529,0.163098733857472,0.181854062075716,0.181854062075716,Other
219,0.605511740576786,-0.439503334493487,0.9389872062395,-2.88223126256554,-0.731382079575169,0.0183322107749417,-0.0207581123857358,0.0228808265717645,-0.00465602343576135,0.00761789911789506,-0.00590087734896565,0.0315012232184762,0.1,0.921052631578947,1,0.04,1.78105263157895,0.138947368421053,1.78105263157895,MB
221,1.42516584467439,-0.454994025263442,0.83916816940624,-0.981625317488192,-0.839612266534205,0.0102896380116383,-0.0156540880670904,0.0218386813135293,-0.00697444584514992,0.00430980223244223,-0.00385322577960545,0.0213165968935856,0.703703703703704,0.723404255319149,0.977272727272727,0.530120481927711,0.466852796960462,0.427451693729571,0.466852796960462,Mixture
222,1.97496338776459,0.191545806272427,1.58900479598072,-0.73556843821804,-0.740190739534037,0.024713856324272,-0.00822722506550094,0.0413367520528009,0.00378443414267827,0.00210150609164054,-0.00650228312747872,0.00503663086367894,0.964285714285714,0.80952380952381,0.98019801980198,0.36046511627907,0.464970998761006,0.774494808284815,0.774494808284815,Mixture
224,0.513224289075514,-0.078782503762281,0.0857349075103013,-0.0862356998187338,-0.725633253851007,0.0110127789490176,-0.0111770624232763,0.0254334286051842,-0.00151025454851956,0.00147326963371028,-0.00445177516137715,0.0126877205882268,0.6,0.609756097560976,0.682352941176471,0.616161616161616,0.0759474225758301,0.0564352274538789,0.0759474225758301,Other
227,0.799303497563641,-0.0385185666424448,0.737346287048852,-0.360221166041482,-0.941202432812073,-0.0167837445275513,0.00250732612514882,0.0196393526862677,-0.00758718143228537,-0.00742625107223921,0.00418752516984734,-0.0131164665079468,0.75,0.604651162790698,0.87012987012987,0.449438202247191,0.275342830673377,0.566040505091981,0.566040505091981,MF
228,2.93145367301936,-0.091799838075965,1.58164708009438,-0.888863441264434,-0.933817620461417,0.0121983557202435,-0.0142429210482691,0.0332834318834604,-0.00514809415585126,0.000421019756989292,-0.011513183804249,0.0173353751328515,1,0.925,1,0.644736842105263,0.280263157894737,0.430263157894737,0.430263157894737,Mixture
229,1.08076143005978,0.00911945529353486,0.608450914263646,-0.213153375743848,-1.1135376486806,-0.000480720916757259,-0.0275278174774709,0.0242651898839436,-0.0163005028355482,0.00180375840942108,-0.0181431866548844,0.0448332967586419,0.806451612903226,0.675,0.844155844155844,0.558139534883721,0.154564696368897,0.417467922175349,0.417467922175349,Mixture
230,0.688181715400047,-0.0275208229269748,0.697922285198469,0.074904333113843,-0.853902123158919,0.018699412510123,-0.0115489468349235,0.0213488182236561,-0.00768252601401612,0.0105459241411381,0.0090401304374419,0.0124980801129071,0.774193548387097,0.486486486486487,0.752808988764045,0.521276595744681,-0.0561746688812462,0.519239454919974,0.519239454919974,Other
232,0.817791874099517,-0.0597764220190202,0.708647673318137,-0.269629466301162,-0.855057697107232,-0.000935958027265175,-0.011154458069372,0.0314031767558055,-0.00554656358579001,0.000331426735655252,-0.00206482483821727,0.0139379074798473,0.764705882352941,0.6,0.85,0.471153846153846,0.214140271493213,0.543552036199095,0.543552036199095,Other
233,1.0249222440524,-0.129756758472396,1.04650752416618,-1.02692811465695,-1.10769250299046,0.00596140510788808,-0.013057722553758,0.0314503285668546,-0.0112566310539763,0.00143844410037323,-0.00626690246593121,0.0149269076645067,0.72,0.707317073170732,0.961904761904762,0.27906976744186,0.670152067633633,0.69551792129217,0.69551792129217,Mixture
234,0.756465902398614,-0.354180547967133,0.631907442243606,-0.921591975241999,-0.661983285256094,-0.00884891091649016,-0.00282229446207251,0.0129397017172942,-0.00401390641928114,-0.000174993914125359,0.0106961410020122,-0.000933027149357835,0.516129032258065,0.6,0.897727272727273,0.4,0.581598240469208,0.413856304985337,0.581598240469208,Mixture
237,0.255869555901696,-0.0432086956170856,0.637622426036234,-0.111672585621394,-0.916939900366659,0.0131402005520173,-0.0254955617236597,0.0161419708898577,-0.0169781322290128,0.0193443965986408,0.0136582894216197,0.042302043839172,0.67741935483871,0.447368421052632,0.709302325581395,0.386363636363636,0.092887755431681,0.552989623003837,0.552989623003837,Other
238,1.50165422230336,-0.322165102425657,0.359955336174231,-2.17098973339521,-0.999494473237612,0.015568335949525,-0.01431349340189,0.039185512587527,-0.00616697545202,0.0030310202016918,-0.00836768749226625,0.0171165224192465,0.36,0.976744186046512,0.97,0.325842696629214,1.2609014894173,0.0274131173242749,1.2609014894173,MB
242,1.83488192030269,-0.275753900042755,1.19823151481172,-0.700738203808383,-0.850289187555852,-0.00438106461125127,-0.0152733662600132,0.0176928718547467,-0.00744383063306649,-0.00385974244622558,-0.0129799921188553,0.0215328328094082,0.875,0.705882352941177,0.987951807228916,0.563829787234043,0.25500437293605,0.593239667053696,0.593239667053697,Mixture
244,-0.162603447719389,0.238837165976951,-0.0119140257212794,0.0800146439735558,-0.855852898705944,-0.0180322831846239,-0.0108634349002207,-0.00773490209974288,-0.0167340604064781,0.00281220372226994,0.0114260632801315,0.015053227918623,0.56,0.583333333333333,0.346153846153846,0.420560747663551,-0.0510735681763719,-0.0977402348430386,0.0977402348430386,Other
245,1.21020224053055,0.203677513048382,0.521702728124174,-0.319042811832554,-1.22296764854741,0.0178963182864687,-0.0199108623436349,0.0318286514485353,-0.0154854778594659,0.00802334921277207,-0.00656781764869452,0.0268681461678978,0.857142857142857,0.825,0.826530612244898,0.523809523809524,0.270578231292517,0.334863945578231,0.334863945578231,Mixture
246,1.11886540699434,-0.0380381673489606,1.580630358929,-1.77370536932833,-0.996388669844982,-0.00154795961131133,-0.0206376197529825,0.0311792205701621,-0.0106371583543106,0.00017297135699508,-0.0130018161576083,0.0320538843939811,0.75,0.8,0.988888888888889,0.0860215053763441,0.952867383512545,0.852867383512545,0.952867383512545,MB
247,-0.719049905793802,-0.102594088394349,0.184483294769839,-0.113040729822295,-1.07483658732664,-0.00976325383070916,-0.00428716771057929,0.0287528402025219,-0.0107122361585244,-0.00323189517800918,0.00120229460240675,-0.000553413364213468,0.3125,0.275,0.413333333333333,0.277777777777778,0.0980555555555556,0.173055555555556,0.173055555555556,Other
248,-1.15029151131893,0.440772200219716,-0.0457976613713231,-0.263119124992267,-0.678829169118863,-0.0176580492149181,-0.0147976450426486,0.0155161078472129,-0.00649431744723256,-0.00275334021722183,-0.00345585619697064,0.0242528588304426,0.32,0.472222222222222,0.162162162162162,0.114583333333333,0.199801051051051,-0.104643393393393,0.199801051051051,Other
250,0.242615693889634,-0.0106069595436719,0.706154570729451,-0.451896042270588,-1.3393205160375,0.016696379799179,-0.0382690570809667,0.0238969178313811,-0.0237018211578288,0.0101042167044031,-0.0221243051789431,0.0631188851200238,0.625,0.5,0.7875,0.282051282051282,0.380448717948718,0.630448717948718,0.630448717948718,Other
251,0.0910231520409147,0.127702477302687,0.391576027106517,-0.67310489178838,-0.925451849889369,0.00909246766772866,-0.00602887357477832,0.0298955786072172,-0.00756980610482114,0.00707428520643175,0.0119404954909226,0.00242291290082871,0.521739130434783,0.657894736842105,0.706666666666667,0.226190476190476,0.616631796883513,0.344320584068868,0.616631796883513,Other
252,1.54761992756879,-0.741624730141959,-0.0547884152036153,-1.70734690314179,-0.62587690447371,0.000252463195423648,-0.0069649889885076,0.0258428809798457,0.00129958377564581,-0.00267265335327804,-0.00279512027770063,0.00617753650528395,0.208333333333333,0.92,1,0.673076923076923,1.03858974358974,-0.38474358974359,1.03858974358974,MB
253,1.49596879050263,0.0331900076701984,1.76366394323226,-0.466905327655968,-0.957125948420551,-0.0113631507766326,-0.0102419615460388,0.0193863911799718,-0.0102926881892296,-0.00410944434251549,-0.00548740823212455,0.0119538378979403,0.96551724137931,0.547619047619048,0.978723404255319,0.307692307692308,0.253132902802749,1.08892929032327,1.08892929032327,MF
255,0.0841357303842644,0.125751727557998,0.374752111925549,-0.11367107888551,-1.07736954221679,0.0270309957573749,-0.00456199301364168,0.0551307582623533,-0.000457974410767913,0.000275345115355312,-0.00908855286753334,-0.00481135886912318,0.607142857142857,0.488888888888889,0.604938271604938,0.368421052631579,0.118263250719391,0.354771187227328,0.354771187227328,Other
256,1.49053215148932,0.15068525676557,1.49231233639357,-1.64189996743181,-0.924674271262632,0.00741445316480701,-0.0159341990624448,0.0306450614542709,-0.00699206663308559,0.0014520675930901,-0.00906812007584385,0.021706243029276,0.884615384615385,0.902439024390244,0.98019801980198,0.111111111111111,0.886910548465728,0.85126326891601,0.886910548465728,Mixture
261,1.08158097946181,-0.243349219811125,0.454011723416555,-0.34579740574531,-1.02247025468516,-0.0252574773055145,-0.00942666939603935,0.0175493740207947,-0.012292295552627,-0.0103372837154531,-0.0109701019274808,0.0112031790830392,0.724137931034483,0.666666666666667,0.877777777777778,0.637362637362637,0.182943876047324,0.297886404782957,0.297886404782957,Mixture
262,1.37363106684346,-0.123375169229036,0.622310522475088,-0.751865343176426,-0.827503373575971,0.00974194648935725,-0.0120060805438001,0.0324331255861757,-0.00397567551259691,0.00338663565907948,-0.0016150352811675,0.0144970485904413,0.757575757575758,0.80952380952381,0.948717948717949,0.540816326530612,0.459849674135388,0.355953570239284,0.459849674135388,Mixture
265,-0.185698884962683,-0.273695950401265,0.190020424168672,-0.524918543962476,-1.14276140738278,-0.0327203972448023,-0.00366879502480067,0.0202543149995574,-0.0160040641710253,-0.00880434238306719,0.000954404087862911,0.000502235441324279,0.290322580645161,0.441860465116279,0.695121951219512,0.356435643564356,0.490224192126273,0.187148423184038,0.490224192126273,Other
268,2.25711265155312,0.0850920438836674,2.26873120360922,-2.01414584806918,-1.0537682354932,0.00553796964449139,-0.0209019853746749,0.027211716405125,-0.0132254774910229,0.0045848056102616,-0.00797385489839301,0.0314769777814473,0.942857142857143,0.925,1,0.0795454545454545,0.902597402597403,0.938311688311688,0.938311688311688,Mixture
269,1.84165267153555,-0.0445610535099222,2.04727290148508,-0.517187177178784,-0.925483511432431,0.0220413997237046,-0.0136525961907379,0.045193499084611,-0.00242438975894855,0.0043191955529756,-0.0077445386407266,0.0156454791224933,1,0.547619047619048,0.990566037735849,0.325301204819277,0.21288388053562,1.11764578529752,1.11764578529752,MF
270,0.214619301106758,0.155858966708575,0.158016681183526,-0.0396562642054183,-0.268066479627105,0.0270235349758241,-0.00401406438304203,0.0338827838072743,0.0155124513822229,0.00175309454134117,-0.00123749219506053,-0.000888452732402501,0.590909090909091,0.6,0.559322033898305,0.464285714285714,0.1041272287035,0.0859454105216817,0.1041272287035,Other
